fullname,address
"Государственное бюджетное общеобразовательное учреждение города Москвы ""Лицей № 1561""","117463, г. Москва, Новоясеневский проспект, д.38, корп.2"
"Государственное бюджетное общеобразовательное учреждение города Москвы ""Школа № 1566 ""Марьинская гимназия с кадетскими классами памяти героев Сталинградской битвы""","109652, г. Москва, ул. Люблинская, д. 173А"
"Государственное бюджетное общеобразовательное учреждение города Москвы ""Школа с углубленным изучением иностранного языка № 1236""","127254, г. Москва, улица Яблочкова, дом 10"
"Государственное бюджетное общеобразовательное учреждение города Москвы ""Гимназия № 1505 ""Московская городская педагогическая гимназия-лаборатория""","107061, г. Москва, улица 2-я Пугачевская, дом 6А"
"Государственное бюджетное общеобразовательное учреждение города Москвы ""Школа с углубленным изучением английского языка № 1411""","127566, г. Москва, Северный бульвар, д. 1 а"
"Муниципальное автономное общеобразовательное учреждение ""Лицей города Троицка""","142190, Московская обл., г. Троицк ул. Школьная, 10а"
"Государственное бюджетное общеобразовательное учреждение города Москвы ""Гимназия № 1519""","123181, г. Москва, ул. Маршала Катукова, д. 21, корп. 2"
"Государственное бюджетное общеобразовательное учреждение города Москвы ""Школа с углубленным изучением французского языка № 1286""","125480, г. Москва, ул. Героев Панфиловцев, д. 15"
"Государственное бюджетное общеобразовательное учреждение города Москвы ""Школа № 1862""","117452, г. Москва, Черноморский б-р, д.6"
"Государственное бюджетное общеобразовательное учреждение города Москвы ""Гимназия № 1512""","111538, г. Москва, ул. Косинская, д.24А"
"Государственное бюджетное общеобразовательное учреждение города Москвы ""Школа с углубленным изучением английского языка № 1208 имени Героя Советского Союза М.С.Шумилова""","109443, г. Москва, ул. Зеленодольская, дом 33, корпус 3"
"Государственное бюджетное общеобразовательное учреждение города Москвы ""Гимназия № 1541""","119415, г. Москва, Проспект Вернадского, д. 55"
"Государственное бюджетное общеобразовательное учреждение города Москвы ""Школа с углубленным изучением английского языка № 1270""","109004, г. Москва, Товарищеский пер., д. 21"
"Государственное бюджетное общеобразовательное учреждение города Москвы ""Школа № 2116 ""Зябликово""","115682, г. Москва, Задонский пр., д.34, корп.3"
"Государственное бюджетное общеобразовательное учреждение города Москвы ""Школа с углубленным изучением французского языка № 1095""","129281, г. Москва, ул. Енисейская, д. 32, корпус 3"
"Государственное бюджетное общеобразовательное учреждение города Москвы ""Школа № 1492""","117041, г. Москва, ул. Адмирала Лазарева, д. 62, корп.2"
"Государственное бюджетное общеобразовательное учреждение города Москвы ""Школа № 1212""","117574, г. Москва, ул. Вильнюсская, д.14"
"Государственное бюджетное общеобразовательное учреждение города Москвы ""Школа с углубленным изучением английского языка № 1273""","117647, г. Москва, улица Академика Капицы, д.12"
"Государственное бюджетное общеобразовательное учреждение города Москвы ""Образовательный центр на проспекте Вернадского""","119571, г. Москва, Вернадского пр-т, д.127, корп.2"
Государственное бюджетное образовательное учреждение города Москвы лингвистический лицей № 1555,"119034, г.Москва, Хилков переулок, дом 3А"
"Государственное бюджетное общеобразовательное учреждение города Москвы ""Гимназия № 1532""","117465, г. Москва, ул. Теплый Стан, дом 13, корпус 3"
"Государственное бюджетное общеобразовательное учреждение города Москвы ""Школа с углубленным изучением иностранного (английского) языка № 1245""","117534, г. Москва, Кировоградская ул., д.42, корп.2"
"Государственное бюджетное общеобразовательное учреждение города Москвы ""Школа № 1883 ""Бутово""","117042, г. Москва, улица Поляны, дом 53"
"Государственное бюджетное общеобразовательное учреждение города Москвы ""Пушкинский лицей № 1500""","101000, г. Москва, Милютинский пер., д.18, стр.2"
"Государственное бюджетное общеобразовательное учреждение города Москвы ""Школа № 1420""","109444, г. Москва, ул. Ташкентская, д. 21, к.2"
"Государственное бюджетное общеобразовательное учреждение города Москвы ""Школа № 1194""","124683, г. Москва, Зеленоград, корп. 1556"
"Государственное бюджетное общеобразовательное учреждение города Москвы ""Школа № 2123 имени Мигеля Эрнандеса""","121069, г. Москва, Столовый пер., д.10/2, стр.1"
"Государственное бюджетное общеобразовательное учреждение города Москвы ""Гимназия № 1504""","111555, г. Москва, улица Сталеваров, дом 10 А"
"Государственное бюджетное общеобразовательное учреждение города Москвы ""Школа № 1980""","117042, г. Москва, Чечерский пр., д.56"
"Государственное бюджетное общеобразовательное учреждение города Москвы ""Школа № 2036""","111675, г. Москва, ул. Татьяны Макаровой, дом 2"
"Государственное бюджетное общеобразовательное учреждение города Москвы ""Гимназия № 1048 ""Новокосино""","111672 Москва, Салтыковская улица, дом 13Б"
"Государственное бюджетное общеобразовательное учреждение города Москвы ""Школа № 763""","129336, г. Москва, ул. Стартовая, д. 27, корп. 3"
"Государственное бюджетное общеобразовательное учреждение города Москвы ""Гимназия № 1748 ""Вертикаль""","105484, г. Москва, Сиреневый бульвар, д. 73, корп. 3"
"Государственное бюджетное общеобразовательное учреждение города Москвы ""Школа № 498""","115172, г. Москва, ул.Народная, д.11/2"
"Государственное бюджетное общеобразовательное учреждение города Москвы ""Школа № 315""","107140, г. Москва, Русаковская ул., д.10, стр.1"
"Государственное бюджетное общеобразовательное учреждение города Москвы ""Гимназия № 1584""","121615, г. Москва, Рублевское ш., д.24, корп.3"
"Государственное бюджетное общеобразовательное учреждение города Москвы ""Школа с углублённым изучением английского языка № 1285""","125362, г. Москва, ул. Вишневая, д. 20, корп. 1"
"Государственное бюджетное общеобразовательное учреждение города Москвы ""Школа с углублённым изучением иностранных языков № 1900""","125222, г. Москва, улица Дубравная, дом 41, корпус 3"
"Государственное бюджетное общеобразовательное учреждение города Москвы ""Школа с углубленным изучением английского языка № 1352""","107207, г. Москва, Щелковское ш., д.77А"
"Государственное бюджетное общеобразовательное учреждение города Москвы ""Школа № 152""","125319, г. Москва, ул. 1-ая Аэропортовская, д. 1"
"Государственное бюджетное общеобразовательное учреждение города Москвы ""Школа № 283""","127224, г. Москва, ул.Широкая, д.21-А"
"Государственное бюджетное общеобразовательное учреждения города Москвы ""Лицей № 1598""","107589, г. Москва, ул. Хабаровская, д. 18А"
"Государственное бюджетное общеобразовательное учреждение города Москвы ""Гимназия № 1527""","115470, г. Москва, пр-т Андропова, д.17, корп.5"
"Государственное бюджетное общеобразовательное учреждение города Москвы ""Школа с углубленным изучением английского языка № 1279""","117149, г. Москва, улица Азовская, дом 2, корпус 2"
"Государственное бюджетное общеобразовательное учреждение города Москвы ""Школа № 2070""","142770 Москва, посёлок Коммунарка, Фитарёвская улица, дом 9А"
"Государственное бюджетное общеобразовательное учреждение города Москвы ""Измайловская гимназия № 1508""","105043, г. Москва, Первомайская улица, 65"
"Государственное бюджетное общеобразовательное учреждение города Москвы ""Школа № 293 имени А.Т. Твардовского""","129301, г. Москва, ул. Ярославская, д. 27"
"Государственное бюджетное общеобразовательное учреждение города Москвы ""Школа № 902 ""Диалог""","115404, г. Москва, ул. Ряжская, дом 11"
"Государственное бюджетное общеобразовательное учреждение города Москвы ""Школа с углубленным изучением иностранного языка № 1293""","121552, г. Москва, ул.Оршанская, д.10, корп.1"
"Государственное бюджетное общеобразовательное учреждение города Москвы ""Гимназия № 1551""","125364, г. Москва, ул. Свободы, д. 42, корп. 2"
"Государственное бюджетное общеобразовательное учреждение города Москвы ""Школа № 2065""","142784 Москва, улица Атласова, дом 7, корпус 3"
"Государственное бюджетное образовательное учреждение города Москвы лицей № 1525 ""Воробьевы горы""","107140, г. Москва, 2-й Красносельский пер., д 18"
"Государственное бюджетное общеобразовательное учреждение города Москвы ""Московская международная гимназия""","111123 Москва, 3-я Владимирская улица, дом 5"
"Государственное бюджетное общеобразовательное учреждение города Москвы ""Школа № 1494""","127427, г. Москва, ул. Большая Марфинская, д. 1, корп. 5"
"Государственное бюджетное общеобразовательное учреждение города Москвы ""Школа с углубленным изучением английского языка № 1413""","127543, г. Москва, Белозерская улица, дом 15"
"Государственное бюджетное общеобразовательное учреждение города Москвы ""Школа № 49""","117279, г. Москва, ул.Генерала Антонова, дом 4А"
"Государственное бюджетное общеобразовательное учреждение города Москвы ""Школа № 2089""","111674, г. Москва, ул.1-я Вольская, д. 9, к.3"
"Государственное бюджетное общеобразовательное учреждение города Москвы ""Школа № 2006""","117216, г. Москва, ул. Грина, дом 18, корпус 3, строение 1"
"Государственное бюджетное общеобразовательное учреждение города Москвы ""Гимназия № 1636 ""Ника""","115583, г. Москва, Елецкая улица, дом 12 корпус3"
"Государственное бюджетное общеобразовательное учреждение города Москвы ""Гимназия №1516""","107589, г. Москва, ул. Хабаровская, д.4а"
"Государственное бюджетное общеобразовательное учреждение города Москвы ""Школа № 1034""","115612, г. Москва, ул.Братеевская, д.8, корп.2"
"Государственное бюджетное профессиональное образовательное учреждение города Москвы ""Воробьевы горы""","119334, г. Москва, ул. Косыгина, д. 17"
"Государственное бюджетное общеобразовательное учреждение города Москвы ""Лицей № 1367""","109125, г. Москва, ул. Васильцовский стан, д 6."
Государственное бюджетное образовательное учреждение средняя общеобразовательная школа № 1874,"123098, г. Москва, ул. Маршала Новикова, д. 13"
"Государственное бюджетное общеобразовательное учреждение города Москвы ""Школа № 2031""","111675, г. Москва, ул.Дмитриевского, д.13"
"Государственное бюджетное общеобразовательное учреждение города Москвы ""Школа с углубленным изучением иностранных языков № 1205""","117335, г. Москва, улица Архитектора Власова, дом 19а"
"Государственное бюджетное общеобразовательное учреждение города Москвы ""Школа с углубленным изучением английского языка № 1324""","111396, г. Москва, Федеративный просп., д.27"
"Государственное бюджетное образовательное учреждение города Москвы гимназия № 491 ""Марьино""","109651, г. Москва, Новочеркасский бульвар, дом 19"
Государственное бюджетное образовательное учреждение средняя общеобразовательная школа № 2005,"125466, г. Москва, ул. Родионовская, д. 6/7"
"Государственное бюджетное общеобразовательное учреждение города Москвы ""Школа № 709""","127204, г. Москва, 9-я Северная линия дом1 корпус2"
"Государственное бюджетное общеобразовательное учреждение города Москвы ""Школа № 2030""","123100, г. Москва, ул.2-ая Звенигородская, д.8"
"Государственное бюджетное общеобразовательное учреждение города Москвы ""Лицей № 507""","115446, г. Москва, ул.Садовники, д.12"
"Государственное бюджетное общеобразовательное учреждение города Москвы ""Гимназия № 1539""","129626, г. Москва, ул. Староалексеевская, дом 1"
"Государственное бюджетное общеобразовательное учреждение города Москвы ""Гимназия № 1531 ""Лингвистическая"" имени С.К. Годовикова""","129085, г. Москва, ул. Годовикова, д.4, стр. 3"
"Государственное бюджетное общеобразовательное учреждение города Москвы ""Школа с углублённым изучением английского языка №1228""","111024, г. Москва, Авиамоторная ул, д.42"
"Государственное бюджетное общеобразовательное учреждение города Москвы ""Гимназия № 1797 ""Богородская""","107258, г. Москва, ул. 3-я Гражданская, д.64"
"Государственное бюджетное общеобразовательное учреждение города Москвы ""Школа № 285 имени В.А. Молодцова""","127081, г. Москва, Ясный пр., д.21"
"Государственное бюджетное общеобразовательное учреждение города Москвы ""Школа № 2026""","111675, г. Москва, ул. Медведева, дом 6"
Государственное бюджетное образовательное учреждение города Москвы средняя общеобразовательная школа № 2010 имени героя Советского Союза М.П. Судакова,"109559, г. Москва, ул. Белореченская, д. 8"
"Государственное бюджетное общеобразовательное учреждение города Москвы ""Школа № 1747""","125368, г. Москва, 3-й Митинский переулок, д. 12, корп. 1"
"Государственное бюджетное общеобразовательное учреждение города Москвы ""Гимназия № 1552""","115580, г. Москва, ул.Мусы Джалиля, д.25"
"Государственное бюджетное общеобразовательное учреждение города Москвы ""Школа № 887""","121467, г. Москва, ул.Молдавская, д.6, корп.2"
"Государственное бюджетное общеобразовательное учреждение города Москвы ""Гимназия №1591""","111672, г. Москва, ул.Новокосинская, д. 40 А"
"Государственное бюджетное общеобразовательное учреждение города Москвы ""Гимназия № 1503""","129626, г. Москва, ул.Павла Корчагина, д.18"
"Государственное бюджетное общеобразовательное учреждение города Москвы ""Школа № 2083""",
"Государственное бюджетное общеобразовательное учреждение города Москвы ""Школа № 1400""","121354, г. Москва, Можайское ш., д.38, корп.7"
"Государственное бюджетное общеобразовательное учреждение города Москвы ""Школа с углубленным изучением английского языка № 1353 имени генерала Д.Ф. Алексеева""","124498, г. Москва, Зеленоград Березовая аллея д.8А"
"Государственное бюджетное общеобразовательное учреждение города Москвы ""Школа с углубленным изучением английского языка № 1282""","107014, г. Москва, ул. Барболина, д.1"
"Государственное бюджетное общеобразовательное учреждение города Москвы ""Школа с углубленным изучением иностранного языка и информационных технологий № 1347""","119618, г. Москва, ул.Главмосстроя, д.28"
"Государственное бюджетное общеобразовательное учреждение города Москвы ""Школа № 1430 имени Героя Социалистического Труда Г.В.Кисунько""","127572, г. Москва, ул.Новгородская, д.21А"
"Государственное бюджетное общеобразовательное учреждение города Москвы ""Школа № 1101""","117133, г. Москва, ул.Академика Варги, д.34"
"Государственное бюджетное общеобразовательное учреждение города Москвы ""Гимназия № 1637""","111401, г. Москва, ул. 3-я Владимирская, дом 12 А"
Государственное бюджетное общеобразовательное учреждение города Москвы «Школа № 1222 имени Маршала Советского Союза И.Х. Баграмяна»,"109052, г. Москва, ул. Нижегородская, д. 64"
"Государственное бюджетное образовательное учреждение города Москвы лицей №1793 ""Жулебино""","109431, г. Москва, Жулебинский бульвар, дом 38"
"Государственное бюджетное общеобразовательное учреждение города Москвы ""Лицей № 138""","123154, г. Москва, ул. Генерала Глаголева, д. 10, корп. 2"
"Государственное бюджетное общеобразовательное учреждение города Москвы ""Школа № 2129"" имени Героя Советского Союза П.И.Романова","115432, г. Москва, 2-й Южнопортовый пр., д.11, стр.1"
"Государственное бюджетное общеобразовательное учреждение города Москвы ""Школа № 1106""","117463, г. Москва, пр.Карамзина, д.13, корп.3"
"Государственное бюджетное общеобразовательное учреждение города Москвы ""Гимназия № 1274 имени В.В. Маяковского""","115088, г. Москва, ул. 1-я Дубровская, д. 16"
"Государственное бюджетное общеобразовательное учреждение города Москвы ""Школа № 2025""","119361, г. Москва, ул. Б.Очаковская, д.42, корпус 2."
"Государственное бюджетное общеобразовательное учреждение города Москвы ""Школа № 1450 ""Олимп""","117556, г. Москва, ул. Фруктовая, д.9"
Государственное бюджетное образовательное учреждение города Москвы средняя общеобразовательная школа с углубленным изучением английского языка № 1206,"117593, г. Москва, Литовский бульвар дом 3, корпус 3"
"Государственное бюджетное общеобразовательное учреждение города Москвы ""Школа № 1103 имени Героя Российской Федерации А.В.Соломатина""","117593, г. Москва, Литовский бульвар, дом 17, корпус 4"
"Государственное бюджетное общеобразовательное учреждение города Москвы ""Школа № 878""","115569, г. Москва, Шипиловский пр-д, д.37, корп.2"
"Государственное бюджетное общеобразовательное учреждение города Москвы ""Гимназия № 1619 имени М.И. Цветаевой""","123458, г. Москва, ул. Таллинская, д. 20, корп. 4"
"Государственное бюджетное общеобразовательное учреждение города Москвы ""Школа № 1981""","117042, г. Москва, ул. Бартеневская, д. 27"
"Государственное бюджетное общеобразовательное учреждение города Москвы ""Школа № 947""","115372, г. Москва, ул.Лебедянская, д.16"
"Государственное бюджетное общеобразовательное учреждение города Москвы ""Школа с углубленным изучением английского языка № 1238""","119634, г. Москва, ул. Чоботовская, д.19"
"Государственное бюджетное общеобразовательное учреждение города Москвы ""Школа № 1499 имени Героя Советского Союза Ивана Архиповича Докукина""","129128, г. Москва, ул. Ростокинская, д. 3"
"Государственное бюджетное общеобразовательное учреждение города Москвы ""Школа №1173""","117519, г. Москва, ул.Чертановская, д.27"
"Государственное бюджетное общеобразовательное учреждение города Москвы ""Школа с углубленным изучением отдельных предметов № 1248""","121352, г. Москва, ул.Давыдковская, д.2, корп.6"
"Государственное бюджетное общеобразовательное учреждение города Москвы ""Гимназия № 2200""","105215, г. Москва, ул. 11-я Парковая, д. 50"
"Государственное бюджетное общеобразовательное учреждение города Москвы ""Школа № 1195""","121354, г. Москва, ул. Дорогобужская, д.13"
"Государственное бюджетное общеобразовательное учреждение города Москвы ""Школа с углубленным изучением английского языка № 1200""","111673, г. Москва, Суздальская ул, 24 Б"
"Государственное бюджетное общеобразовательное учреждение города Москвы ""Школа № 170 имени А.П. Чехова""","117485, г. Москва, Профсоюзная ул., дом 96 Б"
"Государственное бюджетное общеобразовательное учреждение города Москвы ""Школа № 1000""","119619, г. Москва, ул.Наро-Фоминская, д.1"
"Государственное бюджетное образовательное учреждение города Москвы центр образования ""Технологии обучения""","121151, г. Москва, Резервный проезд, д. 10"
"Государственное бюджетное общеобразовательное учреждение города Москвы ""Школа с углубленным изучением английского языка № 1287""","125167, г. Москва, проезд Аэропорта, дом 10"
"Государственное бюджетное общеобразовательное учреждение города Москвы ""Гимназия № 1540""","103055, г. Москва, Новослободская ул., д.57, стр.1"
"Государственное бюджетное общеобразовательное учреждение города Москвы ""Школа № 2090""","109377, город Москва, ул. 1-я Новокузьминская, д. 21"
"Государственное бюджетное общеобразовательное учреждение города Москвы ""Школа № 705""","123592, г. Москва, ул. Кулакова, д. 25, кор. 2"
"Государственное бюджетное общеобразовательное учреждение города Москвы ""Школа № 1151""","124617, г. Москва, Зеленоград, корп. 1469"
"Государственное бюджетное общеобразовательное учреждение города Москвы ""Школа № 1298""","125466, г. Москва, ул. Юровская, д. 97"
"Государственное бюджетное общеобразовательное учреждение города Москвы ""Школа № 319""","105122, г. Москва, ул. Амурская, дом 6"
"Государственное бюджетное общеобразовательное учреждение города Москвы ""Школа № 345 имени А.С. Пушкина""","105066, г. Москва, Елоховский пр., д.1, стр.5"
"Государственное бюджетное общеобразовательное учреждение города Москвы ""Школа № 2121 ""Образовательный комплекс имени Маршала Советского Союза С.К.Куркоткина""","109386, г. Москва, ул. Ставропольская, дом 20"
"Муниципальное автономное общеобразовательное учреждение ""Гимназия имени Н.В. Пушкова""","142190, г. Троицк, ул. Школьная, 10"
Государственное бюджетное образовательное учреждение города Москвы центр образования № 1240,"123056, г. Москва, Большой Кондратьевский переулок, дом 3"
Государственное бюджетное образовательное учреждение города Москвы средняя общеобразовательная школа № 544,"115582, г. Москва, Каширское ш., д.116, корп.3"
"Государственное бюджетное общеобразовательное учреждение города Москвы ""Школа № 618""","124498, г. Москва, Зеленоград, корп. 429А"
"Государственное бюджетное общеобразовательное учреждение города Москвы ""Школа с углубленным изучением отдельных предметов № 1239""","123001, г. Москва, Вспольный пер., д.6, стр.3"
"Государственное бюджетное общеобразовательное учреждение города Москвы ""Школа № 843""","119602, г. Москва, Мичуринский просп., Олимпийская деревня, д.23 и д.23, стр.1"
"Государственное бюджетное общеобразовательное учреждение города Москвы ""Школа № 2000""","115522, г. Москва, ул.Кантемировская, д.22, корп.6"
"Государственное бюджетное общеобразовательное учреждение города Москвы ""Школа с углубленным изучением английского языка № 1315""","125565, г. Москва, Конаковский проезд, д.5"
"Государственное бюджетное общеобразовательное учреждение города Москвы ""Школа № 630 ""лингвистический центр""","117105, г. Москва, Варшавское шоссе д.12."
"Государственное бюджетное общеобразовательное учреждение города Москвы ""Школа № 1741""","119602, г. Москва, ул.Никулинская, д.5"
"Государственное бюджетное общеобразовательное учреждение города Москвы ""Школа № 236 имени Героя Советского Союза Г.И.Щедрина""","125412, г. Москва, Шоссе Коровинское, дом 24 А"
"Государственное бюджетное общеобразовательное учреждение города Москвы ""Школа № 185 имени Героя Советского Союза, Героя Социалистического Труда В.С.Гризодубовой""","125008, г. Москва, ул. Михалковская, д. 3"
"Государственное бюджетное общеобразовательное учреждение города Москвы ""Школа № 1912 имени Бауыржана Момышулы""","124683, г. Москва, Зеленоград, корп. 1816"
"Государственное бюджетное общеобразовательное учреждение города Москвы ""Лицей № 1550""","125284, г. Москва, ул.Беговая, д.19"
"Государственное бюджетное общеобразовательное учреждение города Москвы ""Школа с углубленным изучением математики № 1360""","107564, г. Москва, ул. Краснобогатырская, д. 21А"
"Государственное бюджетное общеобразовательное учреждение города Москвы ""Школа с углубленным изучением английского языка № 2033""","105425 Москва, Щёлковское шоссе, дом 26А"
"Государственное бюджетное общеобразовательное учреждение города Москвы ""Школа № 2110 ""Многопрофильный образовательный комплекс ""Марьино""","109651 Москва, Батайский проезд, дом 21"
"Государственное бюджетное общеобразовательное учреждение города Москвы ""Школа № 1002""","119620 Москва, Солнцевский проспект, дом 12А"
"Государственное бюджетное общеобразовательное учреждение города Москвы ""Лицей №1586""","119330 Москва, улица Дружбы, дом 8"
"Государственное бюджетное общеобразовательное учреждение города Москвы ""Школа с углубленным изучением немецкого языка № 1269""","111401 Москва, 3-я Владимирская улица, дом 26А"
"Государственное бюджетное общеобразовательное учреждение города Москвы ""Школа № 827""","125459 Москва, Туристская улица, дом 19, корпус 5"
"Государственное бюджетное общеобразовательное учреждение города Москвы ""Школа № 1191""","125430 Москва, Митинская улица, дом 48, корпус 2"
"Государственное бюджетное общеобразовательное учреждение города Москвы ""Центр образования № 1296""","127591 Москва, Керамический проезд, дом 55, корпус 3"
"Государственное бюджетное общеобразовательное учреждение города Москвы ""Школа № 1440""","Адрес: 121609 Москва, Осенний бульвар, дом 10, корпус 3"
"Государственное бюджетное общеобразовательное учреждение города Москвы ""Школа № 2045""","124365 Москва, , корпус 2031"
"Государственное бюджетное общеобразовательное учреждение города Москвы ""Школа № 717""","125171 Москва, улица Зои и Александра Космодемьянских, дом 4А"
"Государственное бюджетное общеобразовательное учреждение города Москвы ""Школа с углубленным изучением отдельных предметов № 1794""","127540 Москва, Керамический проезд, дом 47А"
"Государственное бюджетное общеобразовательное учреждение города Москвы ""Школа № 1498 ""Московская международная школа""","119607 Москва, Мичуринский проспект, дом 23"
"Государственное бюджетное общеобразовательное учреждение города Москвы ""Школа № 41""","119027 Москва, Большая Внуковская улица, дом 4"
"Государственное бюджетное общеобразовательное учреждение города Москвы ""Школа с углубленным изучением экономики и информатики № 1355""","117623 Москва, Джанкойская улица, дом 7"
"Государственное бюджетное образовательное учреждение города Москвы средняя общеобразовательная школа № 2087 ""Многопрофильный образовательный комплекс ""Открытие""","109369 Москва, улица Перерва, дом 44"
"Негосударственное образовательное учреждение средняя общеобразовательная школа ""Образовательный центр ОАО ""Газпром""","117420 Москва, Новочерёмушкинская улица, дом 66"
"Государственное бюджетное образовательное учреждение города Москвы кадетская школа № 1702 ""Петровский кадетский корпус""","125413 Москва, Зеленоградская улица, дом 9"
"Государственное бюджетное общеобразовательное учреждение города Москвы ""Школа № 1467""","119634 Москва, улица Шолохова, дом 9"
"Государственное бюджетное общеобразовательное учреждение города Москвы ""Школа с углубленным изучением французского языка № 1265""","119333 Москва, улица Фотиевой, дом 14, корпус 1"
"Государственное бюджетное общеобразовательное учреждение города Москвы ""Гимназия № 1257""","115093 Москва, Павловская улица, дом 8А"
"Государственное бюджетное общеобразовательное учреждение города Москвы ""Школа с углубленным изучением математики № 1384 имени А.А. Леманского""","125252 Москва, Новопесчаная улица, дом 15"
"Государственное бюджетное общеобразовательное учреждение города Москвы ""Центр образования № 1601 имени Героя Советского Союза Е.К.Лютикова""","1270015, г. Москва, улица Вятская, 29"
Государственное бюджетное образовательное учреждение города Москвы гимназия № 1590 имени Героя Советского Союза В.В.Колесника,"125502 Москва, Фестивальная улица, дом 69"
"Государственное бюджетное общеобразовательное учреждение города Москвы ""Гимназия № 1577""","129337 Москва, Ярославское шоссе, дом 8, корпус 7"
"Федеральное государственное бюджетное образовательное учреждение высшего профессионального образования ""Московский государственный университет путей сообщения""","127994, г. Москва, ул Образцова, д 9, стр. 9"
Частное учреждение средняя общеобразовательная школа «Славянско-англо- американская школа «Марина»,"119261 Москва, улица Панфёрова, дом 6, корпус 2"
Государственное бюджетное общеобразовательное учреждение города Москвы «Школа с углубленным изучением английского языка № 1256 имени героя советского союза И.С.Полбина»,"109388 Москва, улица Полбина, дом 44"
Государственное бюджетное профессиональное образовательное учреждение города Москвы «Первый московский образовательный комплекс»,"127282 Москва, улица Тихомирова, дом 10, корпус 1"
Государственное бюджетное образовательное учреждение города Москвы средняя общеобразовательная школа № 771,"127411 Москва, улица Софьи Ковалевской, дом 8А"
Государственное бюджетное образовательное учреждение города Москвы Гимназия № 1536,"119261 Москва, Ленинский проспект, дом 83А

"
"Государственное бюджетное общеобразовательное учреждение города Москвы «Школа № 626 имени Н.И.Сац""","117186 Москва, Севастопольский проспект, дом 43А"
Государственное бюджетное общеобразовательное учреждение города Москвы «Школа № 90 «Многопрофильный образовательный комплекс» имени Героя Советского Союза Е.Г.Ларикова»,"125130 Москва, 4-й Новоподмосковный переулок, дом 2А"
Государственное бюджетное образовательное учреждение города Москвы средняя общеобразовательная школа № 167 имени Маршала Л.А.Говорова,"125565 Москва, Ленинградское шоссе, дом 94А"
Частное образовательное учреждение средняя общеобразовательная школа «Ломоносовская школа»,"121357 Москва, Аминьевское шоссе, дом 18, корпус 4"
Государственное бюджетное общеобразовательное учреждение города Москвы «Школа с углубленным изучением английского языка №1383»,"127474 Москва, Дубнинская улица, дом 7"
Государственное бюджетное образовательное учреждение города Москвы средняя общеобразовательная школа № 180,"127560 Москва, Конёнкова улица, дом 8А"
Государственное бюджетное образовательное учреждение города Москвы гимназия № 402 имени АлииМолдагуловой,"111538 Москва, Косинская улица, дом 10А"
Государственное бюджетное образовательное учреждение города Москвы средняя общеобразовательная школа № 1948 «Лингвист-м»,"117418 Москва, Новочерёмушкинская улица, дом 64, корпус 2

"
Государственное бюджетное общеобразовательное учреждение города Москвы «Школа с углубленным изучением отдельных предметов № 1392 имени Д.В.Рябинкина»,"142793 Москва, поселение Десёновское, поселок Ватутинки-1"
"Государственное бюджетное общеобразовательное учреждение города Москвы «Школа № 937 имени Героя Российской Федерации А.В. Перова""","115569 Москва, улица Маршала Захарова, дом 25, корпус 2"
Государственное бюджетное общеобразовательное учреждение города Москвы Гимназия № 2072,"111394 Москва, Утренняя улица, дом 12"
Государственное бюджетное общеобразовательное учреждение города Москвы «Школа № 1716 «Эврика-огонек»,"109451 Москва, улица Верхние Поля, дом 40, корпус 2"
Государственное бюджетное общеобразовательное учреждение города Москвы «Школа № 1861 «Загорье»»,"115598 Москва, Загорьевский проезд, дом 13"
Государственное бюджетное общеобразовательное учреждение города Москвы «Гмназия № 1596»,"119633 Москва, Приречная улица, дом 1"
Муниципальное автономное общеобразовательное учреждение «Гимназия г. Троицка»,"142190 Москва, поселение Троицк, город Троицк, Октябрьский проспект, дом 6"
Государственное бюджетное общеобразовательное учреждение города Москвы «Школа № 1391»,"143381 Москва, поселение Киевский, рабочий поселок Киевский, -, дом 7А"
Государственное бюджетное общеобразовательное учреждение города Москвы «Инженерно-техническая школа имени дважды Героя Советского Союза П.Р.Поповича»,"125319 Москва, улица 8 Марта, дом 17"
Государственное бюджетное общеобразовательное учреждение города Москвы «Школа № 1394 «Воспитательно- образовательный центр «На набережной»,"109144 Москва, Батайский проезд, дом 47"
Государственное бюджетное общеобразовательное учреждение города Москвы «Школа № 2075»,"142150 Москва, поселение Краснопахорское, село Красная Пахра, -"
Государственное бюджетное общеобразовательное учреждение города Москвы «Школа № 656 имени А.С.Макаренко»,"Адрес: 127474 Москва, Бескудниковский бульвар, дом 29"
Государственное бюджетное образовательное учреждение города Москвы средняя общеобразовательная школа № 1959 «Дети мира»,"109469, г. Москва, Перервинский бульвар, д.16, корп.1"
Федеральное государственное бюджетное общеобразовательное учреждение «Средняя общеобразовательная школа № 91»,"121069, г. Москва, ул. Поварская, д. 14"
Государственное бюджетное общеобразовательное учреждение города Москвы «Школа № 460 имени дважды Героя Советского Союза А.А.Головачёва»,"109559, г. Москва, Белореченская ул., д.11"
Государственное бюджетное общеобразовательное учреждение города Москвы «Школа № 1465 имени Адмирала Н.Г.Кузнецова»,"121059, г. Москва, ул.Брянская, д.10"
Негосударственное образовательное учреждение школа «Ника»,"117303, г. Москва, ул. Малая Юшуньская, 4"
Государственное бюджетное образовательное учреждение города Москвы средняя общеобразовательная школа с углубленным изучением английского языка и музыки № 368 «Лосиный остров»,"107065, г. Москва, ул.Уссурийская, д.12"
Государственное бюджетное образовательное учреждение города Москвы Центр образования № 1953 «Москва-98»,"119607, г. Москва, ул. Удальцова, д.40"
Государственное бюджетное образовательное учреждение города Москвы центр образования «Школа здоровья» № 1679,"125239, г. Москва, Новопетровская ул., д. 1а"
Государственное бюджетное образовательное учреждение города Москвы средняя общеобразовательная школа № 422 «Перово»,"111398, г. Москва, Плющева, 13А"
Государственное бюджетное образовательное учреждение города Москвы средняя общеобразовательная школа № 305,"127410, город Москва, Путевой проезд, д. 10А"
Государственное бюджетное профессиональное образовательное учреждение города Москвы «Образовательный комплекс «Юго-запад»,"117036, г. Москва, улица Дмитрия Ульянова, дом 26"
Государственное бюджетное общеобразовательное учреждение города Москвы «Школа № 2073»,"142160 Москва, поселение Вороновское, поселок ЛМС, микрорайон Центральный"
Государственное бюджетное образовательное учреждение города Москвы средняя общеобразовательная школа № 480 им.В.В.Талалихина,"109029, г. Москва, ул.Средняя Калитниковская, д.22, стр.1"
Негосударственное образовательное учреждение - Гимназия «Московская экономическая школа»,"123022, г. Москва, ул. Заморёнова, 29"
Государственное бюджетное образовательное учреждение города Москвы «Школа № 1987 многопрофильный образовательный комплекс»,"109469, г. Москва, ул. Белореченская, д. 36, корп. 1"
Государственное бюджетное общеобразовательное учреждение города Москвы «Школа № 760 имени А.П.Маресьева»,"129347, г. Москва, Ярославское ш., д.147"
Государственное бюджетное образовательное учреждение города Москвы средняя общеобразовательная школа №69 имени Б.Ш.Окуджавы,"123181, г. Москва, ул. Кулакова, д. 2, к. 2"
Государственное бюджетное образовательное учреждение города Москвы средняя общеобразовательная школа № 86 имени М.Е.Катукова,"123592, г. Москва, ул. Маршала Катукова, д. 12, к. 3"
Государственное бюджетное образовательное учреждение города Москвы Гимназия № 1595,"140008, город Москва, 2-я Вольская улица, дом 7, корпус 2"
Государственное бюджетное образовательное учреждение города Москвы средняя общеобразовательная школа№1929,"115211, г. Москва, ул. Борисовские пруды, д.12, корп. 2"
Государственное бюджетное образовательное учреждение города Москвы средняя общеобразовательная школа № 1694 «Ясенево»,"117593, г. Москва, Литовский бульвар, дом 11, корпус 6"
Государственное бюджетное образовательное учреждение города Москвы лицей № 1511 при «Национальном исследовательском ядерном университете» МИФИ,"115522, г Москва, Пролетарский проспект д. 6, корп. 3"
Государственное бюджетное образовательное учреждение города Москвы средняя общеобразовательная школа № 1825,Юго-Западный район Северное Бутово Куликовская ул. Дом- 3Б
Государственное бюджетное образовательное учреждение города Москвы лицей № 1795 «Лосиноостровский»,"107143, г. Москва, Открытое шоссе, д. 23А"
Государственное бюджетное образовательное учреждение города Москвы средняя общеобразовательная школа № 1247 имени ЮргисаБалтрушайтиса,"105005, г. Москва, Госпитальный переулок, д. 3"
Государственное бюджетное общеобразовательное учреждение города Москвы «Школа с углубленным изучением отдельных предметов № 982 имени Маршала бронетанковых войск П.П.Полубоярова»,"115304, г. Москва, ул.Кошкина, д.13, корп.2"
Государственное бюджетное общеобразовательное учреждение города Москвы «Школа с углублённым изучением отдельных предметов № 978»,"115230, г. Москва, 1-ый Нагатинский пр., д.16"
Государственное автономное общеобразовательное учреждение города Москвы «Школа с углубленным изучением отдельных предметов «Шик 16»,"129223, г. Москва, Мира проспект, д. 123"
Государственное бюджетное образовательное учреждение города Москвы средняя общеобразовательная школа № 56 имени академика В.А.Легасова,"121151, г. Москва, Кутузовский просп., д.22 корп. 1"
Государственное бюджетное образовательное учреждение города Москвы средняя общеобразовательная школа № 1432 «Новая школа»,"119634, г. Москва, ул.Шолохова, д.19"
Государственное бюджетное образовательное учреждение города Москвы средняя общеобразовательная школа «Школа здоровья» № 1065,"117624, г. Москва, ул.Скобелевская, д.28"
Государственное бюджетное образовательное учреждение города Москвы центр образования № 1311 «Тхия»,"119421, г. Москва, Ленинский проспект, дом 97, корпус 1"
Государственное бюджетное образовательное учреждение среднего профессионального образования города Москвы Политехнический техникум № 2,"125315, г. Москва, Коптевский Б. пр., д. 5"
Государственное бюджетное образовательное учреждение города Москвы специальная (коррекционная) общеобразовательная школа-интернат VII вида № 73,"117638, г. Москва, проспект Нахимовский, д. 6"
Государственное бюджетное образовательное учреждение города Москвы средняя общеобразовательная школа № 2051 «Педагогический комплекс»,"111674, г. Москва, просп. Защитников Москвы, д. 9, корп. 2"
Государственное бюджетное образовательное учреждение города Москвы средняя общеобразовательная школа № 1005 «Алые паруса»,"123182, г. Москва, ул. Авиационная, д.71, корп. 3"
Государственное бюджетное образовательное учреждение среднего профессионального образования города Москвы Политехнический техникум № 13 имени П.А. Овчинникова,"127549, г. Москва, ул.Бибиревская, д.6, корп.1"
Государственное бюджетное образовательное учреждение города Москвы средняя общеобразовательная школа № 1989 «Центр образования»,"109451, г. Москва, ул. Белореченская, д. 45, к. 2"
Государственное бюджетное образовательное учреждение города Москвы средняя общеобразовательная школа с углубленным изучением отдельных предметов № 1393 «Школа РОСТ»,"109507, г. Москва, Ферганский проезд, д. 10, корпус 5"
Государственное бюджетное образовательное учреждение города Москвы средняя общеобразовательная школа № 1877 «Люблино»,"109382, г. Москква, ул. Краснодонская д. 40"
Государственное бюджетное образовательное учреждение города Москвы средняя общеобразовательная школа № 1621 «Школа лидерства Лаудер Эц Хайм»,"107078, г. Москва, Малый Козловский пер., д. 3"
Государственное бюджетное образовательное учреждение города Москвы средняя общеобразовательная школа № 1784 «Кадетская школа»,"125040, г. Москва, улица Скаковая, дом 20, стр. 1"
Государственное бюджетное профессиональное образовательное учреждение города Москвы «Многопрофильный центр образования»,"109263 Москва, улица Шкулёва, дом 13/25, строение 2"
Государственное бюджетное общеобразовательное учреждение города Москвы «Центр образования» Бескудниковский»,"127247, г. Москва, Бескудниковский бульвар, д. 50а"
Государственное бюджетное образовательное учреждение города Москвы средняя общеобразовательная школа № 2088 «Грайвороново»,"109518, г. Москва, Волжский бульвар, д. 6, корпус 3"
Государственное бюджетное общеобразовательное учреждение города Москвы «Школа № 686 «Класс-центр»,"Москва, ул. Большая Академическая дом 11а"
